"TypeCode","FreqCode","RefPeriodId","RefYear","RefMonth","Period","ReporterCode","ReporterISO","ReporterDesc","FlowCode","FlowDesc","PartnerCode","PartnerISO","PartnerDesc","Partner2Code","Partner2ISO","Partner2Desc","ClassificationCode","ClassificationSearchCode","IsOriginalClassification","CmdCode","CmdDesc","AggrLevel","IsLeaf","CustomsCode","CustomsDesc","MosCode","MotCode","MotDesc","QtyUnitCode","QtyUnitAbbr","Qty","IsQtyEstimated","AltQtyUnitCode","AltQtyUnitAbbr","AtlQty","IsAltQtyEstimated","NetWgt","IsNetWgtEstimated","GrossWgt","IsGrossWgtEstimated","Cifvalue","Fobvalue","PrimaryValue","LegacyEstimationFlag","IsReported","IsAggregate",
"C","A","20220101","2022","52","2022","24","AGO","Angola","X","Export","56","BEL","Belgium","0","W00","World","H5","HS","true","0501","Human hair; unworked, whether or not washed or scoured; waste of human hair","4","false","C00","TOTAL CPC","0","0","TOTAL MOT","8","kg","2","false","8","kg","2","false","2","false","0","false",,"217.123","217.123","0","false","true",
"C","A","20220101","2022","52","2022","36","AUS","Australia","X","Export","276","DEU","Germany","0","W00","World","H6","HS","true","0501","Human hair; unworked, whether or not washed or scoured; waste of human hair","4","false","C00","TOTAL CPC","0","0","TOTAL MOT","8","kg","0.5","false","8","kg","0.5","false","0.5","false","0.5","false",,"1394.915","1394.915","0","false","true",
"C","A","20220101","2022","52","2022","36","AUS","Australia","X","Export","484","MEX","Mexico","0","W00","World","H6","HS","true","0501","Human hair; unworked, whether or not washed or scoured; waste of human hair","4","false","C00","TOTAL CPC","0","0","TOTAL MOT","8","kg","1","false","8","kg","1","false","1","false","1","false",,"1387.285","1387.285","0","false","true",
"C","A","20220101","2022","52","2022","36","AUS","Australia","X","Export","554","NZL","New Zealand","0","W00","World","H6","HS","true","0501","Human hair; unworked, whether or not washed or scoured; waste of human hair","4","false","C00","TOTAL CPC","0","0","TOTAL MOT","8","kg","32","false","8","kg","32","false","32","false","32","false",,"26968.827","26968.827","0","false","true",
"C","A","20220101","2022","52","2022","36","AUS","Australia","X","Export","842","USA","USA","0","W00","World","H6","HS","true","0501","Human hair; unworked, whether or not washed or scoured; waste of human hair","4","false","C00","TOTAL CPC","0","0","TOTAL MOT","8","kg","2","false","8","kg","2","false","2","false","2","false",,"3190.756","3190.756","0","false","true",
"C","A","20220101","2022","52","2022","56","BEL","Belgium","X","Export","376","ISR","Israel","0","W00","World","H6","HS","true","0501","Human hair; unworked, whether or not washed or scoured; waste of human hair","4","false","C00","TOTAL CPC","0","0","TOTAL MOT","8","kg","10.35","false","8","kg","10.35","false","10.35","false","0","false",,"4693.638","4693.638","0","false","true",
"C","A","20220101","2022","52","2022","56","BEL","Belgium","X","Export","757","CHE","Switzerland","0","W00","World","H6","HS","true","0501","Human hair; unworked, whether or not washed or scoured; waste of human hair","4","false","C00","TOTAL CPC","0","0","TOTAL MOT","8","kg","1","false","8","kg","1","false","1","false","0","false",,"43.702","43.702","0","false","true",
"C","A","20220101","2022","52","2022","56","BEL","Belgium","X","Export","826","GBR","United Kingdom","0","W00","World","H6","HS","true","0501","Human hair; unworked, whether or not washed or scoured; waste of human hair","4","false","C00","TOTAL CPC","0","0","TOTAL MOT","8","kg","2.9","false","8","kg","2.9","false","2.9","false","0","false",,"7244.975","7244.975","0","false","true",
"C","A","20220101","2022","52","2022","56","BEL","Belgium","X","Export","842","USA","USA","0","W00","World","H6","HS","true","0501","Human hair; unworked, whether or not washed or scoured; waste of human hair","4","false","C00","TOTAL CPC","0","0","TOTAL MOT","8","kg","4.9","false","8","kg","4.9","false","4.9","false","0","false",,"3026.809","3026.809","0","false","true",
"C","A","20220101","2022","52","2022","72","BWA","Botswana","X","Export","36","AUS","Australia","0","W00","World","H6","HS","true","0501","Human hair; unworked, whether or not washed or scoured; waste of human hair","4","false","C00","TOTAL CPC","0","0","TOTAL MOT","8","kg","5","false","8","kg","5","false","1","false","0","false",,"3.971","3.971","0","false","true",
"C","A","20220101","2022","52","2022","72","BWA","Botswana","X","Export","348","HUN","Hungary","0","W00","World","H6","HS","true","0501","Human hair; unworked, whether or not washed or scoured; waste of human hair","4","false","C00","TOTAL CPC","0","0","TOTAL MOT","8","kg","1","false","8","kg","1","false","0.5","false","0","false",,"1.509","1.509","0","false","true",
"C","A","20220101","2022","52","2022","72","BWA","Botswana","X","Export","642","ROU","Romania","0","W00","World","H6","HS","true","0501","Human hair; unworked, whether or not washed or scoured; waste of human hair","4","false","C00","TOTAL CPC","0","0","TOTAL MOT","8","kg","11","false","8","kg","11","false","2","false","0","false",,"18.283","18.283","0","false","true",
"C","A","20220101","2022","52","2022","72","BWA","Botswana","X","Export","826","GBR","United Kingdom","0","W00","World","H6","HS","true","0501","Human hair; unworked, whether or not washed or scoured; waste of human hair","4","false","C00","TOTAL CPC","0","0","TOTAL MOT","8","kg","10","false","8","kg","10","false","2.7","false","0","false",,"61.949","61.949","0","false","true",
"C","A","20220101","2022","52","2022","72","BWA","Botswana","X","Export","842","USA","USA","0","W00","World","H6","HS","true","0501","Human hair; unworked, whether or not washed or scoured; waste of human hair","4","false","C00","TOTAL CPC","0","0","TOTAL MOT","8","kg","14","false","8","kg","14","false","2","false","0","false",,"86.113","86.113","0","false","true",
"C","A","20220101","2022","52","2022","76","BRA","Brazil","X","Export","156","CHN","China","0","W00","World","H6","HS","true","0501","Human hair; unworked, whether or not washed or scoured; waste of human hair","4","false","C00","TOTAL CPC","0","0","TOTAL MOT","8","kg","138.109","true","-1","N/A","0","false","138.109","true","0","false","0","3770","3770","6","false","true",
"C","A","20220101","2022","52","2022","76","BRA","Brazil","X","Export","376","ISR","Israel","0","W00","World","H6","HS","true","0501","Human hair; unworked, whether or not washed or scoured; waste of human hair","4","false","C00","TOTAL CPC","0","0","TOTAL MOT","8","kg","37810.933","true","-1","N/A","0","false","37810.933","true","0","false","0","1810979","1810979","6","false","true",
"C","A","20220101","2022","52","2022","76","BRA","Brazil","X","Export","528","NLD","Netherlands","0","W00","World","H6","HS","true","0501","Human hair; unworked, whether or not washed or scoured; waste of human hair","4","false","C00","TOTAL CPC","0","0","TOTAL MOT","8","kg","24761","false","8","kg","24761","false","24761","false","0","false","0","84311","84311","0","false","true",
"C","A","20220101","2022","52","2022","76","BRA","Brazil","X","Export","826","GBR","United Kingdom","0","W00","World","H6","HS","true","0501","Human hair; unworked, whether or not washed or scoured; waste of human hair","4","false","C00","TOTAL CPC","0","0","TOTAL MOT","8","kg","8915.297","true","-1","N/A","0","false","8915.297","true","0","false","0","31618","31618","6","false","true",
"C","A","20220101","2022","52","2022","76","BRA","Brazil","X","Export","842","USA","USA","0","W00","World","H6","HS","true","0501","Human hair; unworked, whether or not washed or scoured; waste of human hair","4","false","C00","TOTAL CPC","0","0","TOTAL MOT","8","kg","126.832","true","-1","N/A","0","false","126.832","true","0","false","0","27959","27959","6","false","true",
"C","A","20220101","2022","52","2022","104","MMR","Myanmar","X","Export","276","DEU","Germany","0","W00","World","H6","HS","true","0501","Human hair; unworked, whether or not washed or scoured; waste of human hair","4","false","C00","TOTAL CPC","0","0","TOTAL MOT","8","kg","70","false","8","kg","70","false","70","false","0","false",,"1050","1050","0","false","true",
"C","A","20220101","2022","52","2022","104","MMR","Myanmar","X","Export","344","HKG","China","0","W00","World","H6","HS","true","0501","Human hair; unworked, whether or not washed or scoured; waste of human hair","4","false","C00","TOTAL CPC","0","0","TOTAL MOT","8","kg","31","false","8","kg","31","false","31","false","0","false",,"6054.5","6054.5","0","false","true",
"C","A","20220101","2022","52","2022","104","MMR","Myanmar","X","Export","398","KAZ","Kazakhstan","0","W00","World","H6","HS","true","0501","Human hair; unworked, whether or not washed or scoured; waste of human hair","4","false","C00","TOTAL CPC","0","0","TOTAL MOT","8","kg","312","false","8","kg","312","false","312","false","0","false",,"1560","1560","0","false","true",
"C","A","20220101","2022","52","2022","104","MMR","Myanmar","X","Export","440","LTU","Lithuania","0","W00","World","H6","HS","true","0501","Human hair; unworked, whether or not washed or scoured; waste of human hair","4","false","C00","TOTAL CPC","0","0","TOTAL MOT","8","kg","1384","false","8","kg","1384","false","1384","false","0","false",,"20760","20760","0","false","true",
"C","A","20220101","2022","52","2022","104","MMR","Myanmar","X","Export","643","RUS","Russia","0","W00","World","H6","HS","true","0501","Human hair; unworked, whether or not washed or scoured; waste of human hair","4","false","C00","TOTAL CPC","0","0","TOTAL MOT","8","kg","2105","false","8","kg","2105","false","2105","false","0","false",,"31575","31575","0","false","true",
"C","A","20220101","2022","52","2022","104","MMR","Myanmar","X","Export","704","VNM","Vietnam","0","W00","World","H6","HS","true","0501","Human hair; unworked, whether or not washed or scoured; waste of human hair","4","false","C00","TOTAL CPC","0","0","TOTAL MOT","8","kg","2371.42","false","8","kg","2371.42","false","2371.42","false","0","false",,"18521.87","18521.87","0","false","true",
"C","A","20220101","2022","52","2022","104","MMR","Myanmar","X","Export","764","THA","Thailand","0","W00","World","H6","HS","true","0501","Human hair; unworked, whether or not washed or scoured; waste of human hair","4","false","C00","TOTAL CPC","0","0","TOTAL MOT","8","kg","383","false","8","kg","383","false","383","false","0","false",,"5745","5745","0","false","true",
"C","A","20220101","2022","52","2022","124","CAN","Canada","X","Export","156","CHN","China","0","W00","World","H6","HS","true","0501","Human hair; unworked, whether or not washed or scoured; waste of human hair","4","false","C00","TOTAL CPC","0","0","TOTAL MOT","8","kg","665","false","8","kg","665","false","665","false","0","false",,"8150.252","8150.252","0","false","true",
"C","A","20220101","2022","52","2022","156","CHN","China","X","Export","842","USA","USA","0","W00","World","H6","HS","true","0501","Human hair; unworked, whether or not washed or scoured; waste of human hair","4","false","C00","TOTAL CPC","0","0","TOTAL MOT","8","kg","4880","false","8","kg","4880","false","4880","false","0","false",,"527040","527040","0","false","true",
"C","A","20220101","2022","52","2022","208","DNK","Denmark","X","Export","352","ISL","Iceland","0","W00","World","H6","HS","true","0501","Human hair; unworked, whether or not washed or scoured; waste of human hair","4","false","C00","TOTAL CPC","0","0","TOTAL MOT","8","kg","3","false","8","kg","3","false","3","false","0","false",,"4243.363","4243.363","0","false","true",
"C","A","20220101","2022","52","2022","208","DNK","Denmark","X","Export","752","SWE","Sweden","0","W00","World","H6","HS","true","0501","Human hair; unworked, whether or not washed or scoured; waste of human hair","4","false","C00","TOTAL CPC","0","0","TOTAL MOT","8","kg","66","false","8","kg","66","false","66","false","0","false",,"81956.895","81956.895","0","false","true",
"C","A","20220101","2022","52","2022","231","ETH","Ethiopia","X","Export","124","CAN","Canada","0","W00","World","H6","HS","true","0501","Human hair; unworked, whether or not washed or scoured; waste of human hair","4","false","C00","TOTAL CPC","0","0","TOTAL MOT","8","kg","42","false","8","kg","42","false","42","false","0","false",,"1155.21","1155.21","0","false","true",
"C","A","20220101","2022","52","2022","246","FIN","Finland","X","Export","156","CHN","China","0","W00","World","H6","HS","true","0501","Human hair; unworked, whether or not washed or scoured; waste of human hair","4","false","C00","TOTAL CPC","0","0","TOTAL MOT","8","kg","0.018","true","-1","N/A","0","false","0.018","true","0","false",,"1.053","1.053","6","false","true",
"C","A","20220101","2022","52","2022","251","FRA","France","X","Export","276","DEU","Germany","0","W00","World","H6","HS","true","0501","Human hair; unworked, whether or not washed or scoured; waste of human hair","4","false","C00","TOTAL CPC","0","0","TOTAL MOT","8","kg","7","false","8","kg","7","false","7","false","0","false",,"320.127","320.127","0","false","true",
"C","A","20220101","2022","52","2022","251","FRA","France","X","Export","348","HUN","Hungary","0","W00","World","H6","HS","true","0501","Human hair; unworked, whether or not washed or scoured; waste of human hair","4","false","C00","TOTAL CPC","0","0","TOTAL MOT","8","kg","228","false","8","kg","228","false","228","false","0","false",,"15467.178","15467.178","0","false","true",
"C","A","20220101","2022","52","2022","251","FRA","France","X","Export","380","ITA","Italy","0","W00","World","H6","HS","true","0501","Human hair; unworked, whether or not washed or scoured; waste of human hair","4","false","C00","TOTAL CPC","0","0","TOTAL MOT","8","kg","7175","false","8","kg","7175","false","7175","false","0","false",,"6043.446","6043.446","0","false","true",
"C","A","20220101","2022","52","2022","251","FRA","France","X","Export","842","USA","USA","0","W00","World","H6","HS","true","0501","Human hair; unworked, whether or not washed or scoured; waste of human hair","4","false","C00","TOTAL CPC","0","0","TOTAL MOT","8","kg","1","false","8","kg","1","false","1","false","0","false",,"66.342","66.342","0","false","true",
"C","A","20220101","2022","52","2022","276","DEU","Germany","X","Export","76","BRA","Brazil","0","W00","World","H6","HS","true","0501","Human hair; unworked, whether or not washed or scoured; waste of human hair","4","false","C00","TOTAL CPC","0","0","TOTAL MOT","8","kg","4","false","8","kg","4","false","4","false","0","false","0","10067.145","10067.145","0","false","true",
"C","A","20220101","2022","52","2022","276","DEU","Germany","X","Export","380","ITA","Italy","0","W00","World","H6","HS","true","0501","Human hair; unworked, whether or not washed or scoured; waste of human hair","4","false","C00","TOTAL CPC","0","0","TOTAL MOT","8","kg","9410","false","8","kg","9410","false","9410","false","0","false","0","7617.754","7617.754","0","false","true",
"C","A","20220101","2022","52","2022","344","HKG","China","X","Export","446","MAC","China","0","W00","World","H6","HS","true","0501","Human hair; unworked, whether or not washed or scoured; waste of human hair","4","false","C00","TOTAL CPC","0","0","TOTAL MOT","8","kg","33920","false","8","kg","33920","false","33920","false","0","false",,"113134.058","113134.058","0","false","true",
"C","A","20220101","2022","52","2022","344","HKG","China","X","Export","704","VNM","Vietnam","0","W00","World","H6","HS","true","0501","Human hair; unworked, whether or not washed or scoured; waste of human hair","4","false","C00","TOTAL CPC","0","0","TOTAL MOT","8","kg","13562","false","8","kg","13562","false","13562","false","0","false",,"47008.222","47008.222","0","false","true",
"C","A","20220101","2022","52","2022","344","HKG","China","X","Export","842","USA","USA","0","W00","World","H6","HS","true","0501","Human hair; unworked, whether or not washed or scoured; waste of human hair","4","false","C00","TOTAL CPC","0","0","TOTAL MOT","8","kg","1139","false","8","kg","1139","false","1139","false","0","false",,"104170.418","104170.418","0","false","true",
"C","A","20220101","2022","52","2022","348","HUN","Hungary","X","Export","752","SWE","Sweden","0","W00","World","H6","HS","true","0501","Human hair; unworked, whether or not washed or scoured; waste of human hair","4","false","C00","TOTAL CPC","0","0","TOTAL MOT","8","kg","1512","false","8","kg","1512","false","1514.803","false","0","false",,"22511","22511","0","false","true",
"C","A","20220101","2022","52","2022","372","IRL","Ireland","X","Export","566","NGA","Nigeria","0","W00","World","H6","HS","true","0501","Human hair; unworked, whether or not washed or scoured; waste of human hair","4","false","C00","TOTAL CPC","0","0","TOTAL MOT","8","kg","1","false","8","kg","1","false","1","false","0","false",,"100.04","100.04","0","false","true",
"C","A","20220101","2022","52","2022","376","ISR","Israel","X","Export","156","CHN","China","0","W00","World","H6","HS","true","0501","Human hair; unworked, whether or not washed or scoured; waste of human hair","4","false","C00","TOTAL CPC","0","0","TOTAL MOT","-1","N/A","0","false","-1","N/A","0","false","0","false","0","false","0","3000","3000","0","false","true",
"C","A","20220101","2022","52","2022","376","ISR","Israel","X","Export","842","USA","USA","0","W00","World","H6","HS","true","0501","Human hair; unworked, whether or not washed or scoured; waste of human hair","4","false","C00","TOTAL CPC","0","0","TOTAL MOT","-1","N/A","0","false","-1","N/A","0","false","0","false","0","false","0","45000","45000","0","false","true",
"C","A","20220101","2022","52","2022","380","ITA","Italy","X","Export","251","FRA","France","0","W00","World","H6","HS","true","0501","Human hair; unworked, whether or not washed or scoured; waste of human hair","4","false","C00","TOTAL CPC","0","0","TOTAL MOT","8","kg","20","false","8","kg","20","false","20","false","0","false",,"73.713","73.713","0","false","true",
"C","A","20220101","2022","52","2022","380","ITA","Italy","X","Export","276","DEU","Germany","0","W00","World","H6","HS","true","0501","Human hair; unworked, whether or not washed or scoured; waste of human hair","4","false","C00","TOTAL CPC","0","0","TOTAL MOT","8","kg","2","false","8","kg","2","false","2","false","0","false",,"62.13","62.13","0","false","true",
"C","A","20220101","2022","52","2022","380","ITA","Italy","X","Export","360","IDN","Indonesia","0","W00","World","H6","HS","true","0501","Human hair; unworked, whether or not washed or scoured; waste of human hair","4","false","C00","TOTAL CPC","0","0","TOTAL MOT","8","kg","6597","false","8","kg","6597","false","6597","false","0","false",,"416817.709","416817.709","0","false","true",
"C","A","20220101","2022","52","2022","380","ITA","Italy","X","Export","699","IND","India","0","W00","World","H6","HS","true","0501","Human hair; unworked, whether or not washed or scoured; waste of human hair","4","false","C00","TOTAL CPC","0","0","TOTAL MOT","8","kg","3210","false","8","kg","3210","false","3210","false","0","false",,"202817.166","202817.166","0","false","true",
"C","A","20220101","2022","52","2022","380","ITA","Italy","X","Export","724","ESP","Spain","0","W00","World","H6","HS","true","0501","Human hair; unworked, whether or not washed or scoured; waste of human hair","4","false","C00","TOTAL CPC","0","0","TOTAL MOT","8","kg","48","false","8","kg","48","false","48","false","0","false",,"498.092","498.092","0","false","true",
"C","A","20220101","2022","52","2022","380","ITA","Italy","X","Export","757","CHE","Switzerland","0","W00","World","H6","HS","true","0501","Human hair; unworked, whether or not washed or scoured; waste of human hair","4","false","C00","TOTAL CPC","0","0","TOTAL MOT","8","kg","1","false","8","kg","1","false","1","false","0","false",,"2661.054","2661.054","0","false","true",
"C","A","20220101","2022","52","2022","388","JAM","Jamaica","X","Export","842","USA","USA","0","W00","World","H6","HS","true","0501","Human hair; unworked, whether or not washed or scoured; waste of human hair","4","false","C00","TOTAL CPC","0","0","TOTAL MOT","8","kg","1","false","8","kg","1","false","1","false","0","false",,"53.18","53.18","0","false","true",
"C","A","20220101","2022","52","2022","392","JPN","Japan","X","Export","156","CHN","China","0","W00","World","H6","HS","true","0501","Human hair; unworked, whether or not washed or scoured; waste of human hair","4","false","C00","TOTAL CPC","0","0","TOTAL MOT","8","kg","13095","false","8","kg","13095","false","13095","false","0","false","0","721044.391","721044.391","0","false","true",
"C","A","20220101","2022","52","2022","404","KEN","Kenya","X","Export","124","CAN","Canada","0","W00","World","H6","HS","true","0501","Human hair; unworked, whether or not washed or scoured; waste of human hair","4","false","C00","TOTAL CPC","0","0","TOTAL MOT","8","kg","20","false","8","kg","20","false","20","false","0","false",,"20.051","20.051","0","false","true",
"C","A","20220101","2022","52","2022","404","KEN","Kenya","X","Export","276","DEU","Germany","0","W00","World","H6","HS","true","0501","Human hair; unworked, whether or not washed or scoured; waste of human hair","4","false","C00","TOTAL CPC","0","0","TOTAL MOT","8","kg","4","false","8","kg","4","false","4","false","0","false",,"335.064","335.064","0","false","true",
"C","A","20220101","2022","52","2022","404","KEN","Kenya","X","Export","842","USA","USA","0","W00","World","H6","HS","true","0501","Human hair; unworked, whether or not washed or scoured; waste of human hair","4","false","C00","TOTAL CPC","0","0","TOTAL MOT","8","kg","46.733","true","-1","N/A","0","false","46.733","true","0","false",,"118.044","118.044","6","false","true",
"C","A","20220101","2022","52","2022","410","KOR","South Korea","X","Export","104","MMR","Myanmar","0","W00","World","H6","HS","true","0501","Human hair; unworked, whether or not washed or scoured; waste of human hair","4","false","C00","TOTAL CPC","0","0","TOTAL MOT","8","kg","557.04","false","8","kg","557.04","false","557.04","false","0","false",,"24354","24354","0","false","true",
"C","A","20220101","2022","52","2022","458","MYS","Malaysia","X","Export","360","IDN","Indonesia","0","W00","World","H6","HS","true","0501","Human hair; unworked, whether or not washed or scoured; waste of human hair","4","false","C00","TOTAL CPC","0","0","TOTAL MOT","8","kg","9776.1","false","8","kg","9776.1","false","9776.1","false","0","false",,"83573.508","83573.508","0","false","true",
"C","A","20220101","2022","52","2022","524","NPL","Nepal","X","Export","50","BGD","Bangladesh","0","W00","World","H6","HS","true","0501","Human hair; unworked, whether or not washed or scoured; waste of human hair","4","false","C00","TOTAL CPC","0","0","TOTAL MOT","8","kg","11010","false","8","kg","11010","false","11010","false","0","false",,"86483.713","86483.713","0","false","true",
"C","A","20220101","2022","52","2022","524","NPL","Nepal","X","Export","104","MMR","Myanmar","0","W00","World","H6","HS","true","0501","Human hair; unworked, whether or not washed or scoured; waste of human hair","4","false","C00","TOTAL CPC","0","0","TOTAL MOT","8","kg","9340","false","8","kg","9340","false","9340","false","0","false",,"74372.606","74372.606","0","false","true",
"C","A","20220101","2022","52","2022","524","NPL","Nepal","X","Export","528","NLD","Netherlands","0","W00","World","H6","HS","true","0501","Human hair; unworked, whether or not washed or scoured; waste of human hair","4","false","C00","TOTAL CPC","0","0","TOTAL MOT","8","kg","4","false","8","kg","4","false","4","false","0","false",,"4163.758","4163.758","0","false","true",
"C","A","20220101","2022","52","2022","528","NLD","Netherlands","X","Export","842","USA","USA","0","W00","World","H6","HS","true","0501","Human hair; unworked, whether or not washed or scoured; waste of human hair","4","false","C00","TOTAL CPC","0","0","TOTAL MOT","8","kg","8","false","8","kg","8","false","8","false","0","false",,"1316.311","1316.311","0","false","true",
"C","A","20220101","2022","52","2022","579","NOR","Norway","X","Export","208","DNK","Denmark","0","W00","World","H6","HS","true","0501","Human hair; unworked, whether or not washed or scoured; waste of human hair","4","false","C00","TOTAL CPC","0","0","TOTAL MOT","8","kg","23","false","8","kg","23","false","23","false","0","false",,"11511.358","11511.358","0","false","true",
"C","A","20220101","2022","52","2022","616","POL","Poland","X","Export","579","NOR","Norway","0","W00","World","H6","HS","true","0501","Human hair; unworked, whether or not washed or scoured; waste of human hair","4","false","C00","TOTAL CPC","0","0","TOTAL MOT","8","kg","2","false","8","kg","2","false","2","false","0","false","0","1529","1529","0","false","true",
"C","A","20220101","2022","52","2022","616","POL","Poland","X","Export","826","GBR","United Kingdom","0","W00","World","H6","HS","true","0501","Human hair; unworked, whether or not washed or scoured; waste of human hair","4","false","C00","TOTAL CPC","0","0","TOTAL MOT","8","kg","1.417","true","-1","N/A","0","false","1.417","true","0","false","0","601","601","6","false","true",
"C","A","20220101","2022","52","2022","699","IND","India","X","Export","50","BGD","Bangladesh","0","W00","World","H6","HS","true","0501","Human hair; unworked, whether or not washed or scoured; waste of human hair","4","false","C00","TOTAL CPC","0","0","TOTAL MOT","8","kg","8308","false","8","kg","8308","false","8308","false","0","false",,"197029.97","197029.97","0","false","true",
"C","A","20220101","2022","52","2022","699","IND","India","X","Export","64","BTN","Bhutan","0","W00","World","H6","HS","true","0501","Human hair; unworked, whether or not washed or scoured; waste of human hair","4","false","C00","TOTAL CPC","0","0","TOTAL MOT","8","kg","32","false","8","kg","32","false","32","false","0","false",,"272.533","272.533","0","false","true",
"C","A","20220101","2022","52","2022","699","IND","India","X","Export","104","MMR","Myanmar","0","W00","World","H6","HS","true","0501","Human hair; unworked, whether or not washed or scoured; waste of human hair","4","false","C00","TOTAL CPC","0","0","TOTAL MOT","8","kg","2372749","false","8","kg","2372749","false","2372749","false","0","false",,"138518548.957","138518548.957","0","false","true",
"C","A","20220101","2022","52","2022","699","IND","India","X","Export","144","LKA","Sri Lanka","0","W00","World","H6","HS","true","0501","Human hair; unworked, whether or not washed or scoured; waste of human hair","4","false","C00","TOTAL CPC","0","0","TOTAL MOT","8","kg","103","false","8","kg","103","false","103","false","0","false",,"13.716","13.716","0","false","true",
"C","A","20220101","2022","52","2022","699","IND","India","X","Export","156","CHN","China","0","W00","World","H6","HS","true","0501","Human hair; unworked, whether or not washed or scoured; waste of human hair","4","false","C00","TOTAL CPC","0","0","TOTAL MOT","8","kg","30","false","8","kg","30","false","30","false","0","false",,"226.831","226.831","0","false","true",
"C","A","20220101","2022","52","2022","699","IND","India","X","Export","231","ETH","Ethiopia","0","W00","World","H6","HS","true","0501","Human hair; unworked, whether or not washed or scoured; waste of human hair","4","false","C00","TOTAL CPC","0","0","TOTAL MOT","8","kg","86","false","8","kg","86","false","86","false","0","false",,"727.836","727.836","0","false","true",
"C","A","20220101","2022","52","2022","699","IND","India","X","Export","404","KEN","Kenya","0","W00","World","H6","HS","true","0501","Human hair; unworked, whether or not washed or scoured; waste of human hair","4","false","C00","TOTAL CPC","0","0","TOTAL MOT","8","kg","232","false","8","kg","232","false","232","false","0","false",,"440.913","440.913","0","false","true",
"C","A","20220101","2022","52","2022","699","IND","India","X","Export","442","LUX","Luxembourg","0","W00","World","H6","HS","true","0501","Human hair; unworked, whether or not washed or scoured; waste of human hair","4","false","C00","TOTAL CPC","0","0","TOTAL MOT","8","kg","1","false","8","kg","1","false","1","false","0","false",,"76.34","76.34","0","false","true",
"C","A","20220101","2022","52","2022","699","IND","India","X","Export","458","MYS","Malaysia","0","W00","World","H6","HS","true","0501","Human hair; unworked, whether or not washed or scoured; waste of human hair","4","false","C00","TOTAL CPC","0","0","TOTAL MOT","8","kg","41","false","8","kg","41","false","41","false","0","false",,"167.795","167.795","0","false","true",
"C","A","20220101","2022","52","2022","699","IND","India","X","Export","524","NPL","Nepal","0","W00","World","H6","HS","true","0501","Human hair; unworked, whether or not washed or scoured; waste of human hair","4","false","C00","TOTAL CPC","0","0","TOTAL MOT","8","kg","273","false","8","kg","273","false","273","false","0","false",,"694.692","694.692","0","false","true",
"C","A","20220101","2022","52","2022","699","IND","India","X","Export","643","RUS","Russia","0","W00","World","H6","HS","true","0501","Human hair; unworked, whether or not washed or scoured; waste of human hair","4","false","C00","TOTAL CPC","0","0","TOTAL MOT","8","kg","80","false","8","kg","80","false","80","false","0","false",,"6372.083","6372.083","0","false","true",
"C","A","20220101","2022","52","2022","699","IND","India","X","Export","704","VNM","Vietnam","0","W00","World","H6","HS","true","0501","Human hair; unworked, whether or not washed or scoured; waste of human hair","4","false","C00","TOTAL CPC","0","0","TOTAL MOT","8","kg","400","false","8","kg","400","false","400","false","0","false",,"21150.514","21150.514","0","false","true",
"C","A","20220101","2022","52","2022","699","IND","India","X","Export","842","USA","USA","0","W00","World","H6","HS","true","0501","Human hair; unworked, whether or not washed or scoured; waste of human hair","4","false","C00","TOTAL CPC","0","0","TOTAL MOT","8","kg","21","false","8","kg","21","false","21","false","0","false",,"14659.939","14659.939","0","false","true",
"C","A","20220101","2022","52","2022","699","IND","India","X","Export","862","VEN","Venezuela","0","W00","World","H6","HS","true","0501","Human hair; unworked, whether or not washed or scoured; waste of human hair","4","false","C00","TOTAL CPC","0","0","TOTAL MOT","8","kg","100","false","8","kg","100","false","100","false","0","false",,"7991.059","7991.059","0","false","true",
"C","A","20220101","2022","52","2022","699","IND","India","X","Export","887","YEM","Yemen","0","W00","World","H6","HS","true","0501","Human hair; unworked, whether or not washed or scoured; waste of human hair","4","false","C00","TOTAL CPC","0","0","TOTAL MOT","8","kg","150","false","8","kg","150","false","150","false","0","false",,"193.61","193.61","0","false","true",
"C","A","20220101","2022","52","2022","702","SGP","Singapore","X","Export","40","AUT","Austria","0","W00","World","H6","HS","true","0501","Human hair; unworked, whether or not washed or scoured; waste of human hair","4","false","C00","TOTAL CPC","0","0","TOTAL MOT","8","kg","7893","false","8","kg","7893","false","7893","false","0","false",,"68585.106","68585.106","0","false","true",
"C","A","20220101","2022","52","2022","702","SGP","Singapore","X","Export","50","BGD","Bangladesh","0","W00","World","H6","HS","true","0501","Human hair; unworked, whether or not washed or scoured; waste of human hair","4","false","C00","TOTAL CPC","0","0","TOTAL MOT","8","kg","808","false","8","kg","808","false","808","false","0","false",,"16862.669","16862.669","0","false","true",
"C","A","20220101","2022","52","2022","702","SGP","Singapore","X","Export","348","HUN","Hungary","0","W00","World","H6","HS","true","0501","Human hair; unworked, whether or not washed or scoured; waste of human hair","4","false","C00","TOTAL CPC","0","0","TOTAL MOT","8","kg","5.5","false","8","kg","5.5","false","5.5","false","0","false",,"2018.617","2018.617","0","false","true",
"C","A","20220101","2022","52","2022","702","SGP","Singapore","X","Export","360","IDN","Indonesia","0","W00","World","H6","HS","true","0501","Human hair; unworked, whether or not washed or scoured; waste of human hair","4","false","C00","TOTAL CPC","0","0","TOTAL MOT","8","kg","63536.4","false","8","kg","63536.4","false","63536.4","false","0","false",,"3717252.411","3717252.411","0","false","true",
"C","A","20220101","2022","52","2022","702","SGP","Singapore","X","Export","380","ITA","Italy","0","W00","World","H6","HS","true","0501","Human hair; unworked, whether or not washed or scoured; waste of human hair","4","false","C00","TOTAL CPC","0","0","TOTAL MOT","8","kg","8.5","false","8","kg","8.5","false","8.5","false","0","false",,"1904.739","1904.739","0","false","true",
"C","A","20220101","2022","52","2022","702","SGP","Singapore","X","Export","462","MDV","Maldives","0","W00","World","H6","HS","true","0501","Human hair; unworked, whether or not washed or scoured; waste of human hair","4","false","C00","TOTAL CPC","0","0","TOTAL MOT","8","kg","2.24","false","8","kg","2.24","false","2.24","false","0","false",,"13.056","13.056","0","false","true",
"C","A","20220101","2022","52","2022","702","SGP","Singapore","X","Export","792","TUR","Turkey","0","W00","World","H6","HS","true","0501","Human hair; unworked, whether or not washed or scoured; waste of human hair","4","false","C00","TOTAL CPC","0","0","TOTAL MOT","8","kg","13.5","false","8","kg","13.5","false","13.5","false","0","false",,"1112.669","1112.669","0","false","true",
"C","A","20220101","2022","52","2022","702","SGP","Singapore","X","Export","842","USA","USA","0","W00","World","H6","HS","true","0501","Human hair; unworked, whether or not washed or scoured; waste of human hair","4","false","C00","TOTAL CPC","0","0","TOTAL MOT","8","kg","18","false","8","kg","18","false","18","false","0","false",,"3574.468","3574.468","0","false","true",
"C","A","20220101","2022","52","2022","710","ZAF","South Africa","X","Export","72","BWA","Botswana","0","W00","World","H6","HS","true","0501","Human hair; unworked, whether or not washed or scoured; waste of human hair","4","false","C00","TOTAL CPC","0","0","TOTAL MOT","8","kg","387","false","8","kg","387","false","387","false","0","false","0","976.409","976.409","0","false","true",
"C","A","20220101","2022","52","2022","710","ZAF","South Africa","X","Export","426","LSO","Lesotho","0","W00","World","H6","HS","true","0501","Human hair; unworked, whether or not washed or scoured; waste of human hair","4","false","C00","TOTAL CPC","0","0","TOTAL MOT","8","kg","10767.2","false","8","kg","10767.2","false","10767.2","false","0","false","0","28786.33","28786.33","0","false","true",
"C","A","20220101","2022","52","2022","710","ZAF","South Africa","X","Export","508","MOZ","Mozambique","0","W00","World","H6","HS","true","0501","Human hair; unworked, whether or not washed or scoured; waste of human hair","4","false","C00","TOTAL CPC","0","0","TOTAL MOT","8","kg","165","false","8","kg","165","false","165","false","0","false","0","243.583","243.583","0","false","true",
"C","A","20220101","2022","52","2022","710","ZAF","South Africa","X","Export","516","NAM","Namibia","0","W00","World","H6","HS","true","0501","Human hair; unworked, whether or not washed or scoured; waste of human hair","4","false","C00","TOTAL CPC","0","0","TOTAL MOT","8","kg","12913","false","8","kg","12913","false","12913","false","0","false","0","20509.966","20509.966","0","false","true",
"C","A","20220101","2022","52","2022","710","ZAF","South Africa","X","Export","748","SWZ","Eswatini","0","W00","World","H6","HS","true","0501","Human hair; unworked, whether or not washed or scoured; waste of human hair","4","false","C00","TOTAL CPC","0","0","TOTAL MOT","8","kg","40008","false","8","kg","40008","false","40008","false","0","false","0","123232.394","123232.394","0","false","true",
"C","A","20220101","2022","52","2022","710","ZAF","South Africa","X","Export","784","ARE","United Arab Emirates","0","W00","World","H6","HS","true","0501","Human hair; unworked, whether or not washed or scoured; waste of human hair","4","false","C00","TOTAL CPC","0","0","TOTAL MOT","8","kg","1.3","false","8","kg","1.3","false","1.3","false","0","false","0","152.85","152.85","0","false","true",
"C","A","20220101","2022","52","2022","710","ZAF","South Africa","X","Export","894","ZMB","Zambia","0","W00","World","H6","HS","true","0501","Human hair; unworked, whether or not washed or scoured; waste of human hair","4","false","C00","TOTAL CPC","0","0","TOTAL MOT","8","kg","3.62","false","8","kg","3.62","false","3.62","false","0","false","0","122.28","122.28","0","false","true",
"C","A","20220101","2022","52","2022","724","ESP","Spain","X","Export","484","MEX","Mexico","0","W00","World","H6","HS","true","0501","Human hair; unworked, whether or not washed or scoured; waste of human hair","4","false","C00","TOTAL CPC","0","0","TOTAL MOT","8","kg","1","false","8","kg","1","false","1","false","0","false",,"511.782","511.782","0","false","true",
"C","A","20220101","2022","52","2022","724","ESP","Spain","X","Export","826","GBR","United Kingdom","0","W00","World","H6","HS","true","0501","Human hair; unworked, whether or not washed or scoured; waste of human hair","4","false","C00","TOTAL CPC","0","0","TOTAL MOT","8","kg","0.5","false","8","kg","0.5","false","0.5","false","0","false",,"321.643","321.643","0","false","true",
"C","A","20220101","2022","52","2022","752","SWE","Sweden","X","Export","152","CHL","Chile","0","W00","World","H6","HS","true","0501","Human hair; unworked, whether or not washed or scoured; waste of human hair","4","false","C00","TOTAL CPC","0","0","TOTAL MOT","-1","N/A","0","false","-1","N/A","0","false",,"false","0","false",,"197.741","197.741","0","false","true",
"C","A","20220101","2022","52","2022","752","SWE","Sweden","X","Export","208","DNK","Denmark","0","W00","World","H6","HS","true","0501","Human hair; unworked, whether or not washed or scoured; waste of human hair","4","false","C00","TOTAL CPC","0","0","TOTAL MOT","-1","N/A","0","false","-1","N/A","0","false",,"false","0","false",,"19477.467","19477.467","0","false","true",
"C","A","20220101","2022","52","2022","752","SWE","Sweden","X","Export","826","GBR","United Kingdom","0","W00","World","H6","HS","true","0501","Human hair; unworked, whether or not washed or scoured; waste of human hair","4","false","C00","TOTAL CPC","0","0","TOTAL MOT","-1","N/A","0","false","-1","N/A","0","false",,"false","0","false",,"296.611","296.611","0","false","true",
"C","A","20220101","2022","52","2022","752","SWE","Sweden","X","Export","842","USA","USA","0","W00","World","H6","HS","true","0501","Human hair; unworked, whether or not washed or scoured; waste of human hair","4","false","C00","TOTAL CPC","0","0","TOTAL MOT","-1","N/A","0","false","-1","N/A","0","false",,"false","0","false",,"98.87","98.87","0","false","true",
"C","A","20220101","2022","52","2022","757","CHE","Switzerland","X","Export","40","AUT","Austria","0","W00","World","H6","HS","true","0501","Human hair; unworked, whether or not washed or scoured; waste of human hair","4","false","C00","TOTAL CPC","0","0","TOTAL MOT","8","kg","1","false","8","kg","1","false","1","false","0","false",,"28.274","28.274","0","false","true",
"C","A","20220101","2022","52","2022","757","CHE","Switzerland","X","Export","156","CHN","China","0","W00","World","H6","HS","true","0501","Human hair; unworked, whether or not washed or scoured; waste of human hair","4","false","C00","TOTAL CPC","0","0","TOTAL MOT","8","kg","0.055","true","-1","N/A","0","false","0.055","true","0","false",,"4.189","4.189","6","false","true",
"C","A","20220101","2022","52","2022","757","CHE","Switzerland","X","Export","360","IDN","Indonesia","0","W00","World","H6","HS","true","0501","Human hair; unworked, whether or not washed or scoured; waste of human hair","4","false","C00","TOTAL CPC","0","0","TOTAL MOT","8","kg","3","false","8","kg","3","false","3","false","0","false",,"117.285","117.285","0","false","true",
"C","A","20220101","2022","52","2022","757","CHE","Switzerland","X","Export","380","ITA","Italy","0","W00","World","H6","HS","true","0501","Human hair; unworked, whether or not washed or scoured; waste of human hair","4","false","C00","TOTAL CPC","0","0","TOTAL MOT","8","kg","5","false","8","kg","5","false","5","false","0","false",,"80.633","80.633","0","false","true",
"C","A","20220101","2022","52","2022","757","CHE","Switzerland","X","Export","528","NLD","Netherlands","0","W00","World","H6","HS","true","0501","Human hair; unworked, whether or not washed or scoured; waste of human hair","4","false","C00","TOTAL CPC","0","0","TOTAL MOT","8","kg","1","false","8","kg","1","false","1","false","0","false",,"104.719","104.719","0","false","true",
"C","A","20220101","2022","52","2022","757","CHE","Switzerland","X","Export","724","ESP","Spain","0","W00","World","H6","HS","true","0501","Human hair; unworked, whether or not washed or scoured; waste of human hair","4","false","C00","TOTAL CPC","0","0","TOTAL MOT","8","kg","1","false","8","kg","1","false","1","false","0","false",,"52.359","52.359","0","false","true",
"C","A","20220101","2022","52","2022","757","CHE","Switzerland","X","Export","842","USA","USA","0","W00","World","H6","HS","true","0501","Human hair; unworked, whether or not washed or scoured; waste of human hair","4","false","C00","TOTAL CPC","0","0","TOTAL MOT","8","kg","4.395","true","-1","N/A","0","false","4.395","true","0","false",,"780.154","780.154","6","false","true",
"C","A","20220101","2022","52","2022","762","TJK","Tajikistan","X","Export","50","BGD","Bangladesh","0","W00","World","H4","HS","true","0501","Human hair; unworked, whether or not washed or scoured; waste of human hair","4","false","C00","TOTAL CPC","0","0","TOTAL MOT","8","kg","58432","false","8","kg","58432","false","58432","false","0","false",,"60414","60414","0","false","true",
"C","A","20220101","2022","52","2022","762","TJK","Tajikistan","X","Export","104","MMR","Myanmar","0","W00","World","H4","HS","true","0501","Human hair; unworked, whether or not washed or scoured; waste of human hair","4","false","C00","TOTAL CPC","0","0","TOTAL MOT","8","kg","33864","false","8","kg","33864","false","33864","false","0","false",,"17810","17810","0","false","true",
"C","A","20220101","2022","52","2022","762","TJK","Tajikistan","X","Export","496","MNG","Mongolia","0","W00","World","H4","HS","true","0501","Human hair; unworked, whether or not washed or scoured; waste of human hair","4","false","C00","TOTAL CPC","0","0","TOTAL MOT","8","kg","200","false","8","kg","200","false","200","false","0","false",,"100","100","0","false","true",
"C","A","20220101","2022","52","2022","762","TJK","Tajikistan","X","Export","704","VNM","Vietnam","0","W00","World","H4","HS","true","0501","Human hair; unworked, whether or not washed or scoured; waste of human hair","4","false","C00","TOTAL CPC","0","0","TOTAL MOT","8","kg","1437","false","8","kg","1437","false","1437","false","0","false",,"1437","1437","0","false","true",
"C","A","20220101","2022","52","2022","762","TJK","Tajikistan","X","Export","784","ARE","United Arab Emirates","0","W00","World","H4","HS","true","0501","Human hair; unworked, whether or not washed or scoured; waste of human hair","4","false","C00","TOTAL CPC","0","0","TOTAL MOT","8","kg","3714","false","8","kg","3714","false","3714","false","0","false",,"1857","1857","0","false","true",
"C","A","20220101","2022","52","2022","784","ARE","United Arab Emirates","X","Export","50","BGD","Bangladesh","0","W00","World","H6","HS","true","0501","Human hair; unworked, whether or not washed or scoured; waste of human hair","4","false","C00","TOTAL CPC","0","0","TOTAL MOT","-1","N/A","0","false","-1","N/A","0","false",,"false","0","false",,"43.295","43.295","0","false","true",
"C","A","20220101","2022","52","2022","784","ARE","United Arab Emirates","X","Export","104","MMR","Myanmar","0","W00","World","H6","HS","true","0501","Human hair; unworked, whether or not washed or scoured; waste of human hair","4","false","C00","TOTAL CPC","0","0","TOTAL MOT","8","kg","1197","false","8","kg","1197","false","1197","false","0","false",,"1166.475","1166.475","0","false","true",
"C","A","20220101","2022","52","2022","784","ARE","United Arab Emirates","X","Export","414","KWT","Kuwait","0","W00","World","H6","HS","true","0501","Human hair; unworked, whether or not washed or scoured; waste of human hair","4","false","C00","TOTAL CPC","0","0","TOTAL MOT","8","kg","1071","false","8","kg","1071","false","1071","false","0","false",,"255.956","255.956","0","false","true",
"C","A","20220101","2022","52","2022","784","ARE","United Arab Emirates","X","Export","524","NPL","Nepal","0","W00","World","H6","HS","true","0501","Human hair; unworked, whether or not washed or scoured; waste of human hair","4","false","C00","TOTAL CPC","0","0","TOTAL MOT","-1","N/A","0","false","-1","N/A","0","false",,"false","0","false",,"10.619","10.619","0","false","true",
"C","A","20220101","2022","52","2022","784","ARE","United Arab Emirates","X","Export","586","PAK","Pakistan","0","W00","World","H6","HS","true","0501","Human hair; unworked, whether or not washed or scoured; waste of human hair","4","false","C00","TOTAL CPC","0","0","TOTAL MOT","-1","N/A","0","false","-1","N/A","0","false",,"false","0","false",,"31.042","31.042","0","false","true",
"C","A","20220101","2022","52","2022","784","ARE","United Arab Emirates","X","Export","699","IND","India","0","W00","World","H6","HS","true","0501","Human hair; unworked, whether or not washed or scoured; waste of human hair","4","false","C00","TOTAL CPC","0","0","TOTAL MOT","-1","N/A","0","false","-1","N/A","0","false",,"false","0","false",,"72.43","72.43","0","false","true",
"C","A","20220101","2022","52","2022","784","ARE","United Arab Emirates","X","Export","760","SYR","Syria","0","W00","World","H6","HS","true","0501","Human hair; unworked, whether or not washed or scoured; waste of human hair","4","false","C00","TOTAL CPC","0","0","TOTAL MOT","-1","N/A","0","false","-1","N/A","0","false",,"false","0","false",,"0.272","0.272","0","false","true",
"C","A","20220101","2022","52","2022","784","ARE","United Arab Emirates","X","Export","818","EGY","Egypt","0","W00","World","H6","HS","true","0501","Human hair; unworked, whether or not washed or scoured; waste of human hair","4","false","C00","TOTAL CPC","0","0","TOTAL MOT","-1","N/A","0","false","-1","N/A","0","false",,"false","0","false",,"0.272","0.272","0","false","true",
"C","A","20220101","2022","52","2022","792","TUR","Turkey","X","Export","31","AZE","Azerbaijan","0","W00","World","H6","HS","true","0501","Human hair; unworked, whether or not washed or scoured; waste of human hair","4","false","C00","TOTAL CPC","0","0","TOTAL MOT","8","kg","12","false","8","kg","12","false","12","false","0","false",,"146","146","0","false","true",
"C","A","20220101","2022","52","2022","792","TUR","Turkey","X","Export","36","AUS","Australia","0","W00","World","H6","HS","true","0501","Human hair; unworked, whether or not washed or scoured; waste of human hair","4","false","C00","TOTAL CPC","0","0","TOTAL MOT","8","kg","40","false","8","kg","40","false","40","false","0","false",,"1277","1277","0","false","true",
"C","A","20220101","2022","52","2022","792","TUR","Turkey","X","Export","56","BEL","Belgium","0","W00","World","H6","HS","true","0501","Human hair; unworked, whether or not washed or scoured; waste of human hair","4","false","C00","TOTAL CPC","0","0","TOTAL MOT","8","kg","28","false","8","kg","28","false","28","false","0","false",,"13099","13099","0","false","true",
"C","A","20220101","2022","52","2022","792","TUR","Turkey","X","Export","156","CHN","China","0","W00","World","H6","HS","true","0501","Human hair; unworked, whether or not washed or scoured; waste of human hair","4","false","C00","TOTAL CPC","0","0","TOTAL MOT","8","kg","3","false","8","kg","3","false","3","false","0","false",,"25","25","0","false","true",
"C","A","20220101","2022","52","2022","792","TUR","Turkey","X","Export","251","FRA","France","0","W00","World","H6","HS","true","0501","Human hair; unworked, whether or not washed or scoured; waste of human hair","4","false","C00","TOTAL CPC","0","0","TOTAL MOT","8","kg","39","false","8","kg","39","false","39","false","0","false",,"730","730","0","false","true",
"C","A","20220101","2022","52","2022","792","TUR","Turkey","X","Export","276","DEU","Germany","0","W00","World","H6","HS","true","0501","Human hair; unworked, whether or not washed or scoured; waste of human hair","4","false","C00","TOTAL CPC","0","0","TOTAL MOT","8","kg","39","false","8","kg","39","false","39","false","0","false",,"2270","2270","0","false","true",
"C","A","20220101","2022","52","2022","792","TUR","Turkey","X","Export","288","GHA","Ghana","0","W00","World","H6","HS","true","0501","Human hair; unworked, whether or not washed or scoured; waste of human hair","4","false","C00","TOTAL CPC","0","0","TOTAL MOT","8","kg","10","false","8","kg","10","false","10","false","0","false",,"145","145","0","false","true",
"C","A","20220101","2022","52","2022","792","TUR","Turkey","X","Export","300","GRC","Greece","0","W00","World","H6","HS","true","0501","Human hair; unworked, whether or not washed or scoured; waste of human hair","4","false","C00","TOTAL CPC","0","0","TOTAL MOT","8","kg","1","false","8","kg","1","false","1","false","0","false",,"15","15","0","false","true",
"C","A","20220101","2022","52","2022","792","TUR","Turkey","X","Export","372","IRL","Ireland","0","W00","World","H6","HS","true","0501","Human hair; unworked, whether or not washed or scoured; waste of human hair","4","false","C00","TOTAL CPC","0","0","TOTAL MOT","8","kg","1","false","8","kg","1","false","1","false","0","false",,"23","23","0","false","true",
"C","A","20220101","2022","52","2022","792","TUR","Turkey","X","Export","376","ISR","Israel","0","W00","World","H6","HS","true","0501","Human hair; unworked, whether or not washed or scoured; waste of human hair","4","false","C00","TOTAL CPC","0","0","TOTAL MOT","8","kg","21","false","8","kg","21","false","21","false","0","false",,"43403","43403","0","false","true",
"C","A","20220101","2022","52","2022","792","TUR","Turkey","X","Export","392","JPN","Japan","0","W00","World","H6","HS","true","0501","Human hair; unworked, whether or not washed or scoured; waste of human hair","4","false","C00","TOTAL CPC","0","0","TOTAL MOT","8","kg","12","false","8","kg","12","false","12","false","0","false",,"888","888","0","false","true",
"C","A","20220101","2022","52","2022","792","TUR","Turkey","X","Export","410","KOR","South Korea","0","W00","World","H6","HS","true","0501","Human hair; unworked, whether or not washed or scoured; waste of human hair","4","false","C00","TOTAL CPC","0","0","TOTAL MOT","8","kg","5","false","8","kg","5","false","5","false","0","false",,"127","127","0","false","true",
"C","A","20220101","2022","52","2022","792","TUR","Turkey","X","Export","528","NLD","Netherlands","0","W00","World","H6","HS","true","0501","Human hair; unworked, whether or not washed or scoured; waste of human hair","4","false","C00","TOTAL CPC","0","0","TOTAL MOT","8","kg","3","false","8","kg","3","false","3","false","0","false",,"124","124","0","false","true",
"C","A","20220101","2022","52","2022","792","TUR","Turkey","X","Export","579","NOR","Norway","0","W00","World","H6","HS","true","0501","Human hair; unworked, whether or not washed or scoured; waste of human hair","4","false","C00","TOTAL CPC","0","0","TOTAL MOT","8","kg","3","false","8","kg","3","false","3","false","0","false",,"277","277","0","false","true",
"C","A","20220101","2022","52","2022","792","TUR","Turkey","X","Export","682","SAU","Saudi Arabia","0","W00","World","H6","HS","true","0501","Human hair; unworked, whether or not washed or scoured; waste of human hair","4","false","C00","TOTAL CPC","0","0","TOTAL MOT","8","kg","1","false","8","kg","1","false","1","false","0","false",,"150","150","0","false","true",
"C","A","20220101","2022","52","2022","792","TUR","Turkey","X","Export","757","CHE","Switzerland","0","W00","World","H6","HS","true","0501","Human hair; unworked, whether or not washed or scoured; waste of human hair","4","false","C00","TOTAL CPC","0","0","TOTAL MOT","8","kg","21","false","8","kg","21","false","21","false","0","false",,"1616","1616","0","false","true",
"C","A","20220101","2022","52","2022","792","TUR","Turkey","X","Export","826","GBR","United Kingdom","0","W00","World","H6","HS","true","0501","Human hair; unworked, whether or not washed or scoured; waste of human hair","4","false","C00","TOTAL CPC","0","0","TOTAL MOT","8","kg","16","false","8","kg","16","false","16","false","0","false",,"926","926","0","false","true",
"C","A","20220101","2022","52","2022","792","TUR","Turkey","X","Export","842","USA","USA","0","W00","World","H6","HS","true","0501","Human hair; unworked, whether or not washed or scoured; waste of human hair","4","false","C00","TOTAL CPC","0","0","TOTAL MOT","8","kg","289","false","8","kg","289","false","289","false","0","false",,"7010","7010","0","false","true",
"C","A","20220101","2022","52","2022","804","UKR","Ukraine","X","Export","528","NLD","Netherlands","0","W00","World","H5","HS","true","0501","Human hair; unworked, whether or not washed or scoured; waste of human hair","4","false","C00","TOTAL CPC","0","0","TOTAL MOT","8","kg","37.55","false","8","kg","37.55","false","37.55","false","0","false",,"119718.28","119718.28","0","false","true",
"C","A","20220101","2022","52","2022","818","EGY","Egypt","X","Export","50","BGD","Bangladesh","0","W00","World","H6","HS","true","0501","Human hair; unworked, whether or not washed or scoured; waste of human hair","4","false","C00","TOTAL CPC","0","0","TOTAL MOT","-1","N/A","0","false","-1","N/A","0","false",,"false","0","false",,"571.693","571.693","0","false","true",
"C","A","20220101","2022","52","2022","826","GBR","United Kingdom","X","Export","36","AUS","Australia","0","W00","World","H6","HS","true","0501","Human hair; unworked, whether or not washed or scoured; waste of human hair","4","false","C00","TOTAL CPC","0","0","TOTAL MOT","8","kg","81.038","true","-1","N/A","0","false","81.038","true","0","false",,"17836.767","17836.767","6","false","true",
"C","A","20220101","2022","52","2022","826","GBR","United Kingdom","X","Export","56","BEL","Belgium","0","W00","World","H6","HS","true","0501","Human hair; unworked, whether or not washed or scoured; waste of human hair","4","false","C00","TOTAL CPC","0","0","TOTAL MOT","8","kg","2.865","true","-1","N/A","0","false","2.865","true","0","false",,"3383.451","3383.451","6","false","true",
"C","A","20220101","2022","52","2022","826","GBR","United Kingdom","X","Export","156","CHN","China","0","W00","World","H6","HS","true","0501","Human hair; unworked, whether or not washed or scoured; waste of human hair","4","false","C00","TOTAL CPC","0","0","TOTAL MOT","8","kg","2","false","8","kg","2","false","2","false","0","false",,"2477.5","2477.5","0","false","true",
"C","A","20220101","2022","52","2022","826","GBR","United Kingdom","X","Export","251","FRA","France","0","W00","World","H6","HS","true","0501","Human hair; unworked, whether or not washed or scoured; waste of human hair","4","false","C00","TOTAL CPC","0","0","TOTAL MOT","8","kg","1.044","true","-1","N/A","0","false","1.044","true","0","false",,"1232.587","1232.587","6","false","true",
"C","A","20220101","2022","52","2022","826","GBR","United Kingdom","X","Export","276","DEU","Germany","0","W00","World","H6","HS","true","0501","Human hair; unworked, whether or not washed or scoured; waste of human hair","4","false","C00","TOTAL CPC","0","0","TOTAL MOT","8","kg","1.356","true","-1","N/A","0","false","1.356","true","0","false",,"1601.131","1601.131","6","false","true",
"C","A","20220101","2022","52","2022","826","GBR","United Kingdom","X","Export","348","HUN","Hungary","0","W00","World","H6","HS","true","0501","Human hair; unworked, whether or not washed or scoured; waste of human hair","4","false","C00","TOTAL CPC","0","0","TOTAL MOT","8","kg","5.299","true","-1","N/A","0","false","5.299","true","0","false",,"6259.077","6259.077","6","false","true",
"C","A","20220101","2022","52","2022","826","GBR","United Kingdom","X","Export","372","IRL","Ireland","0","W00","World","H6","HS","true","0501","Human hair; unworked, whether or not washed or scoured; waste of human hair","4","false","C00","TOTAL CPC","0","0","TOTAL MOT","8","kg","2","false","8","kg","2","false","2","false","0","false",,"16673.205","16673.205","0","false","true",
"C","A","20220101","2022","52","2022","826","GBR","United Kingdom","X","Export","480","MUS","Mauritius","0","W00","World","H6","HS","true","0501","Human hair; unworked, whether or not washed or scoured; waste of human hair","4","false","C00","TOTAL CPC","0","0","TOTAL MOT","8","kg","7","false","8","kg","7","false","7","false","0","false",,"2465.174","2465.174","0","false","true",
"C","A","20220101","2022","52","2022","826","GBR","United Kingdom","X","Export","566","NGA","Nigeria","0","W00","World","H6","HS","true","0501","Human hair; unworked, whether or not washed or scoured; waste of human hair","4","false","C00","TOTAL CPC","0","0","TOTAL MOT","8","kg","1.054","true","-1","N/A","0","false","1.054","true","0","false",,"1244.913","1244.913","6","false","true",
"C","A","20220101","2022","52","2022","826","GBR","United Kingdom","X","Export","616","POL","Poland","0","W00","World","H6","HS","true","0501","Human hair; unworked, whether or not washed or scoured; waste of human hair","4","false","C00","TOTAL CPC","0","0","TOTAL MOT","8","kg","80","false","8","kg","80","false","80","false","0","false",,"7242.682","7242.682","0","false","true",
"C","A","20220101","2022","52","2022","826","GBR","United Kingdom","X","Export","757","CHE","Switzerland","0","W00","World","H6","HS","true","0501","Human hair; unworked, whether or not washed or scoured; waste of human hair","4","false","C00","TOTAL CPC","0","0","TOTAL MOT","8","kg","122.278","true","-1","N/A","0","false","122.278","true","0","false",,"301747.173","301747.173","6","false","true",
"C","A","20220101","2022","52","2022","826","GBR","United Kingdom","X","Export","842","USA","USA","0","W00","World","H6","HS","true","0501","Human hair; unworked, whether or not washed or scoured; waste of human hair","4","false","C00","TOTAL CPC","0","0","TOTAL MOT","8","kg","4","false","8","kg","4","false","4","false","0","false",,"3892.51","3892.51","0","false","true",
"C","A","20220101","2022","52","2022","834","TZA","Tanzania","X","Export","174","COM","Comoros","0","W00","World","H6","HS","true","0501","Human hair; unworked, whether or not washed or scoured; waste of human hair","4","false","C00","TOTAL CPC","0","0","TOTAL MOT","8","kg","20","false","8","kg","20","false","20","false","0","false",,"8.72","8.72","0","false","true",
"C","A","20220101","2022","52","2022","834","TZA","Tanzania","X","Export","180","COD","Congo [DRC]","0","W00","World","H6","HS","true","0501","Human hair; unworked, whether or not washed or scoured; waste of human hair","4","false","C00","TOTAL CPC","0","0","TOTAL MOT","8","kg","1500","false","8","kg","1500","false","1500","false","0","false",,"4390.5","4390.5","0","false","true",
"C","A","20220101","2022","52","2022","834","TZA","Tanzania","X","Export","586","PAK","Pakistan","0","W00","World","H6","HS","true","0501","Human hair; unworked, whether or not washed or scoured; waste of human hair","4","false","C00","TOTAL CPC","0","0","TOTAL MOT","8","kg","102624","false","8","kg","102624","false","102624","false","0","false",,"339367.31","339367.31","0","false","true",
"C","A","20220101","2022","52","2022","842","USA","USA","X","Export","76","BRA","Brazil","0","W00","World","H6","HS","true","0501","Human hair; unworked, whether or not washed or scoured; waste of human hair","4","false","C00","TOTAL CPC","0","0","TOTAL MOT","8","kg","499","false","8","kg","499","false","499","false","0","false",,"15617","15617","0","false","true",
"C","A","20220101","2022","52","2022","842","USA","USA","X","Export","124","CAN","Canada","0","W00","World","H6","HS","true","0501","Human hair; unworked, whether or not washed or scoured; waste of human hair","4","false","C00","TOTAL CPC","0","0","TOTAL MOT","8","kg","838","false","8","kg","838","false","838","false","0","false",,"9703","9703","0","false","true",
"C","A","20220101","2022","52","2022","842","USA","USA","X","Export","156","CHN","China","0","W00","World","H6","HS","true","0501","Human hair; unworked, whether or not washed or scoured; waste of human hair","4","false","C00","TOTAL CPC","0","0","TOTAL MOT","8","kg","10166","false","8","kg","10166","false","10166","false","0","false",,"208091","208091","0","false","true",
"C","A","20220101","2022","52","2022","842","USA","USA","X","Export","214","DOM","Dominican Republic","0","W00","World","H6","HS","true","0501","Human hair; unworked, whether or not washed or scoured; waste of human hair","4","false","C00","TOTAL CPC","0","0","TOTAL MOT","8","kg","608","false","8","kg","608","false","608","false","0","false",,"22993","22993","0","false","true",
"C","A","20220101","2022","52","2022","842","USA","USA","X","Export","218","ECU","Ecuador","0","W00","World","H6","HS","true","0501","Human hair; unworked, whether or not washed or scoured; waste of human hair","4","false","C00","TOTAL CPC","0","0","TOTAL MOT","8","kg","55","false","8","kg","55","false","55","false","0","false",,"8600","8600","0","false","true",
"C","A","20220101","2022","52","2022","842","USA","USA","X","Export","332","HTI","Haiti","0","W00","World","H6","HS","true","0501","Human hair; unworked, whether or not washed or scoured; waste of human hair","4","false","C00","TOTAL CPC","0","0","TOTAL MOT","8","kg","1430","false","8","kg","1430","false","1430","false","0","false",,"13442","13442","0","false","true",
"C","A","20220101","2022","52","2022","842","USA","USA","X","Export","344","HKG","China","0","W00","World","H6","HS","true","0501","Human hair; unworked, whether or not washed or scoured; waste of human hair","4","false","C00","TOTAL CPC","0","0","TOTAL MOT","8","kg","15000","false","8","kg","15000","false","15000","false","0","false",,"56000","56000","0","false","true",
"C","A","20220101","2022","52","2022","842","USA","USA","X","Export","376","ISR","Israel","0","W00","World","H6","HS","true","0501","Human hair; unworked, whether or not washed or scoured; waste of human hair","4","false","C00","TOTAL CPC","0","0","TOTAL MOT","8","kg","70","false","8","kg","70","false","70","false","0","false",,"5330","5330","0","false","true",
"C","A","20220101","2022","52","2022","842","USA","USA","X","Export","380","ITA","Italy","0","W00","World","H6","HS","true","0501","Human hair; unworked, whether or not washed or scoured; waste of human hair","4","false","C00","TOTAL CPC","0","0","TOTAL MOT","8","kg","926","false","8","kg","926","false","926","false","0","false",,"22121","22121","0","false","true",
"C","A","20220101","2022","52","2022","842","USA","USA","X","Export","484","MEX","Mexico","0","W00","World","H6","HS","true","0501","Human hair; unworked, whether or not washed or scoured; waste of human hair","4","false","C00","TOTAL CPC","0","0","TOTAL MOT","8","kg","403","false","8","kg","403","false","403","false","0","false",,"17974","17974","0","false","true",
"C","A","20220101","2022","52","2022","842","USA","USA","X","Export","528","NLD","Netherlands","0","W00","World","H6","HS","true","0501","Human hair; unworked, whether or not washed or scoured; waste of human hair","4","false","C00","TOTAL CPC","0","0","TOTAL MOT","8","kg","611","false","8","kg","611","false","611","false","0","false",,"13530","13530","0","false","true",
"C","A","20220101","2022","52","2022","842","USA","USA","X","Export","558","NIC","Nicaragua","0","W00","World","H6","HS","true","0501","Human hair; unworked, whether or not washed or scoured; waste of human hair","4","false","C00","TOTAL CPC","0","0","TOTAL MOT","8","kg","392","false","8","kg","392","false","392","false","0","false",,"15400","15400","0","false","true",
"C","A","20220101","2022","52","2022","842","USA","USA","X","Export","620","PRT","Portugal","0","W00","World","H6","HS","true","0501","Human hair; unworked, whether or not washed or scoured; waste of human hair","4","false","C00","TOTAL CPC","0","0","TOTAL MOT","8","kg","147","false","8","kg","147","false","147","false","0","false",,"8400","8400","0","false","true",
"C","A","20220101","2022","52","2022","842","USA","USA","X","Export","784","ARE","United Arab Emirates","0","W00","World","H6","HS","true","0501","Human hair; unworked, whether or not washed or scoured; waste of human hair","4","false","C00","TOTAL CPC","0","0","TOTAL MOT","8","kg","1134","false","8","kg","1134","false","1134","false","0","false",,"87860","87860","0","false","true",
"C","A","20220101","2022","52","2022","842","USA","USA","X","Export","826","GBR","United Kingdom","0","W00","World","H6","HS","true","0501","Human hair; unworked, whether or not washed or scoured; waste of human hair","4","false","C00","TOTAL CPC","0","0","TOTAL MOT","8","kg","360","false","8","kg","360","false","360","false","0","false",,"3150","3150","0","false","true",
"C","A","20220101","2022","52","2022","842","USA","USA","X","Export","862","VEN","Venezuela","0","W00","World","H6","HS","true","0501","Human hair; unworked, whether or not washed or scoured; waste of human hair","4","false","C00","TOTAL CPC","0","0","TOTAL MOT","8","kg","220","false","8","kg","220","false","220","false","0","false",,"10368","10368","0","false","true",
"C","A","20220101","2022","52","2022","860","UZB","Uzbekistan","X","Export","50","BGD","Bangladesh","0","W00","World","H5","HS","true","0501","Human hair; unworked, whether or not washed or scoured; waste of human hair","4","false","C00","TOTAL CPC","0","0","TOTAL MOT","8","kg","13600","false","21","1000 KG","13.6","false","13600","false","0","false","0","49416","49416","0","false","true",
"C","A","20220101","2022","52","2022","860","UZB","Uzbekistan","X","Export","104","MMR","Myanmar","0","W00","World","H5","HS","true","0501","Human hair; unworked, whether or not washed or scoured; waste of human hair","4","false","C00","TOTAL CPC","0","0","TOTAL MOT","8","kg","36060","false","21","1000 KG","36.06","false","36060","false","0","false","0","54481","54481","0","false","true",
"C","A","20220101","2022","52","2022","860","UZB","Uzbekistan","X","Export","156","CHN","China","0","W00","World","H5","HS","true","0501","Human hair; unworked, whether or not washed or scoured; waste of human hair","4","false","C00","TOTAL CPC","0","0","TOTAL MOT","8","kg","3121","false","21","1000 KG","3.121","false","3121","false","0","false","0","2200","2200","0","false","true",
"C","A","20220101","2022","52","2022","860","UZB","Uzbekistan","X","Export","344","HKG","China","0","W00","World","H5","HS","true","0501","Human hair; unworked, whether or not washed or scoured; waste of human hair","4","false","C00","TOTAL CPC","0","0","TOTAL MOT","8","kg","102800","false","21","1000 KG","102.8","false","102800","false","0","false","0","71960","71960","0","false","true",
"C","A","20220101","2022","52","2022","860","UZB","Uzbekistan","X","Export","376","ISR","Israel","0","W00","World","H5","HS","true","0501","Human hair; unworked, whether or not washed or scoured; waste of human hair","4","false","C00","TOTAL CPC","0","0","TOTAL MOT","8","kg","0","false","21","1000 KG","0","false","6027.488","true","0","false","0","31280","31280","4","false","true",
"C","A","20220101","2022","52","2022","860","UZB","Uzbekistan","X","Export","398","KAZ","Kazakhstan","0","W00","World","H5","HS","true","0501","Human hair; unworked, whether or not washed or scoured; waste of human hair","4","false","C00","TOTAL CPC","0","0","TOTAL MOT","8","kg","370","false","21","1000 KG","0.37","false","370","false","0","false","0","3868","3868","0","false","true",
"C","A","20220101","2022","52","2022","860","UZB","Uzbekistan","X","Export","704","VNM","Vietnam","0","W00","World","H5","HS","true","0501","Human hair; unworked, whether or not washed or scoured; waste of human hair","4","false","C00","TOTAL CPC","0","0","TOTAL MOT","8","kg","13120","false","21","1000 KG","13.12","false","13120","false","0","false","0","18455","18455","0","false","true",
"C","A","20220101","2022","52","2022","860","UZB","Uzbekistan","X","Export","842","USA","USA","0","W00","World","H5","HS","true","0501","Human hair; unworked, whether or not washed or scoured; waste of human hair","4","false","C00","TOTAL CPC","0","0","TOTAL MOT","8","kg","10","false","21","1000 KG","0.01","false","10","false","0","false","0","8550","8550","0","false","true",
